瘤痢,瘤痢疙,老矫,弥历扁柯(∑C),弥绊扁柯(∑C),老碍荐樊(mm),乞闭 浅加(m/s),乞闭 惑措嚼档(%),啊炼矫埃(hr),钦拌 老荤樊(MJ/m2),乞闭 傈款樊(1/10)
159,何魂,2014-01-01,4.9,9.9,,5.3,37.1,9.9,10.05,0
159,何魂,2014-01-02,3.8,12,,2.7,31.9,9.9,9.6,2.3
159,何魂,2014-01-03,5.1,13.5,,2.4,26,9.9,7.76,5.3
159,何魂,2014-01-04,4.6,12.4,,2.7,49.6,9.9,9.29,5.6
159,何魂,2014-01-05,3.5,11.3,,2.9,46.6,9.9,10.75,2.3
159,何魂,2014-01-06,.6,11.1,,2.5,33.3,9.9,10.32,0
159,何魂,2014-01-07,4,10.7,,3.1,31.4,9.9,9.95,5.5
159,何魂,2014-01-08,2.3,6.9,7,2.8,69,9.9,1.15,8.4
159,何魂,2014-01-09,-5.1,3,,4.1,22.3,9.9,12.8,0
159,何魂,2014-01-10,-5.4,4.5,,2.9,37.5,10,11.73,.4
159,何魂,2014-01-11,-1.7,6.2,,2.6,44.5,10,10.71,2
159,何魂,2014-01-12,-.6,7.8,,2.5,45.4,10,9.18,2.8
159,何魂,2014-01-13,-2.6,5.8,,3.5,22.6,10,12.76,1.4
159,何魂,2014-01-14,-3.3,7.2,,4.2,20.9,10,12.67,.8
159,何魂,2014-01-15,-2.1,7.3,,3.6,25.6,10.1,12.62,0
159,何魂,2014-01-16,-1.1,8.4,,4.1,37.5,10.1,11.99,1
159,何魂,2014-01-17,.8,9,,3,41.4,10.1,10.27,1.4
159,何魂,2014-01-18,-.8,7.1,,3.3,37,10.1,10.04,.3
159,何魂,2014-01-19,-3.1,7.4,,3.4,34.1,10.1,12.7,2
159,何魂,2014-01-20,2.2,9.3,.1,4.7,52.1,10.2,7,5.6
159,何魂,2014-01-21,-2.4,4.5,,4.4,43.1,10.2,11.19,.5
159,何魂,2014-01-22,-4,6.2,,4.3,37.1,10.2,12.94,.1
159,何魂,2014-01-23,-1,9.4,,3.6,41.8,10.2,13.31,0
159,何魂,2014-01-24,3.5,14.5,,5.9,59.4,10.3,11.83,3.5
159,何魂,2014-01-25,8.3,15.3,1.5,4.8,67.4,10.3,2.74,7
159,何魂,2014-01-26,2.5,11.3,,3.1,42.4,10.3,13.46,0
159,何魂,2014-01-27,.9,10.7,,3.2,52.6,10.3,13.25,0
159,何魂,2014-01-28,5.9,15,,4,44.5,10.4,10.91,2.3
159,何魂,2014-01-29,4.2,14.1,,3.3,45.8,10.4,12.81,3.9
159,何魂,2014-01-30,8.6,14.6,1,5,69,10.4,8.39,5.9
159,何魂,2014-01-31,4.1,15.5,,1.9,33.5,10.5,13.44,0
159,何魂,2014-02-01,6.7,16.8,5,2.6,74,10.5,7.13,8.6
159,何魂,2014-02-02,10.1,16.5,,3.9,87.4,10.5,8.62,6
159,何魂,2014-02-03,1.4,12.9,,3.7,47.5,10.5,7.62,5.1
159,何魂,2014-02-04,-5.6,3.2,,4.5,23.5,10.6,15.77,.6
159,何魂,2014-02-05,-5.4,5.4,,3.3,32,10.6,11.91,6
159,何魂,2014-02-06,.9,6.2,0,3.1,61.9,10.6,4.85,9.6
159,何魂,2014-02-07,2.6,6.8,5,4.6,74.5,10.7,2.78,9.6
159,何魂,2014-02-08,2.3,9.3,1.5,3.5,70.8,10.7,9.03,9.1
159,何魂,2014-02-09,2.7,8.6,,3.6,62.8,10.7,10.53,8.4
159,何魂,2014-02-10,-.1,3.4,2.5,4.4,86.8,10.8,5.1,9.8
159,何魂,2014-02-11,-.8,6.1,.5,3.9,74.1,10.8,10.92,7.3
159,何魂,2014-02-12,1,8.9,,3.7,64.4,10.8,11.8,6.6
159,何魂,2014-02-13,2.4,7.3,.4,4,67.5,10.9,6.29,8
159,何魂,2014-02-14,2.9,4.5,.1,4.9,58.8,10.9,1.98,9.3
159,何魂,2014-02-15,.8,12,,3.6,53.8,10.9,15.85,2.6
159,何魂,2014-02-16,1.3,11.5,,2.2,50.6,11,14.51,3.9
159,何魂,2014-02-17,4.4,11.3,5.5,3.7,64.3,11,5.56,9.4
159,何魂,2014-02-18,1.9,4.4,1,4.3,69.1,11,2.97,10
159,何魂,2014-02-19,2,3.9,,3.8,62.9,11.1,3.04,9.9
159,何魂,2014-02-20,1.2,11.8,,2.5,49.8,11.1,16.23,1.1
159,何魂,2014-02-21,.3,10.4,,3.3,46,11.1,15.33,0
159,何魂,2014-02-22,2.4,13,,1.8,59.4,11.2,14.21,1.1
159,何魂,2014-02-23,3.1,12.9,,2.2,61.1,11.2,14.42,1.6
159,何魂,2014-02-24,4.8,14.5,,2.7,52.9,11.2,14.94,0
159,何魂,2014-02-25,6.1,14.8,,2.8,44.6,11.3,13.14,4
159,何魂,2014-02-26,8.2,10.2,22,3.1,79.9,11.3,1.88,9.4
159,何魂,2014-02-27,8.7,17.5,.5,3.2,75.5,11.3,16.12,4.9
159,何魂,2014-02-28,8.1,13.7,.1,3.1,69.5,11.4,4.89,9
159,何魂,2014-03-01,8,11.4,4,2.2,81.6,11.4,3.17,10
159,何魂,2014-03-02,5,12.9,.5,2.6,71.3,11.5,11.09,6.8
159,何魂,2014-03-03,4.2,11.2,,3.2,55.4,11.5,13.67,2
159,何魂,2014-03-04,4.2,12.4,2,1.8,55.1,11.5,7.21,7.1
159,何魂,2014-03-05,2.5,12.5,,3,42.9,11.6,19.08,1
159,何魂,2014-03-06,-.5,8.5,,2.9,25.3,11.6,16.21,5.1
159,何魂,2014-03-07,.5,8.4,,2.8,27,11.6,19.96,2.4
159,何魂,2014-03-08,.5,10.6,,3.3,34.8,11.7,16.77,4.9
159,何魂,2014-03-09,1.5,11.7,,3.4,37,11.7,13.42,4.5
159,何魂,2014-03-10,-.6,10.6,,4.2,32.1,11.8,20.52,0
159,何魂,2014-03-11,3.1,13,,4.2,38,11.8,18.15,.4
159,何魂,2014-03-12,8,13.6,28.5,3.5,79.9,11.8,2.26,8.6
159,何魂,2014-03-13,2.8,13.9,30,4,82.5,11.9,4.52,10
159,何魂,2014-03-14,.8,9.8,,2.5,52.6,11.9,15.95,4
159,何魂,2014-03-15,2,13.7,,4.6,48.1,11.9,19.45,0
159,何魂,2014-03-16,8.7,17.3,,5.7,60.8,12,17.77,0
159,何魂,2014-03-17,9.2,17.9,.2,5.5,71.1,12,18.87,4.6
159,何魂,2014-03-18,9.3,21.6,1,6.6,73.4,12.1,17.39,4.9
159,何魂,2014-03-19,8.2,12.9,,3.6,57.1,12.1,7.59,8.1
159,何魂,2014-03-20,4.7,12.8,4,3,68.8,12.1,9.22,8.6
159,何魂,2014-03-21,3,12.5,,3.3,54,12.2,18.18,1.9
159,何魂,2014-03-22,4.7,14.1,,3.8,51.3,12.2,21.68,0
159,何魂,2014-03-23,9.1,20,,3.6,41,12.2,20.42,0
159,何魂,2014-03-24,9.3,17.6,,5.1,47,12.3,18.92,4
159,何魂,2014-03-25,13.1,18.1,13.5,3.9,82.1,12.3,5.05,10
159,何魂,2014-03-26,12.7,20.2,10.5,3.3,86.5,12.3,10.94,7.3
159,何魂,2014-03-27,11.7,18.6,,1.9,81.3,12.4,18.79,1.1
159,何魂,2014-03-28,12.1,19.8,,4,66.9,12.4,19.6,4.5
159,何魂,2014-03-29,12.7,17.4,28,3.4,90,12.4,1.57,10
159,何魂,2014-03-30,11.2,16.2,14.5,2.1,80.5,12.5,7.57,7.8
159,何魂,2014-03-31,9.4,18.6,,2.1,74.4,12.5,14.82,5.4
159,何魂,2014-04-01,11.4,19.5,,1.8,70.1,12.6,21.02,2.4
159,何魂,2014-04-02,10.1,20.4,,1.4,57.1,12.6,22.24,.3
159,何魂,2014-04-03,10.7,20.5,2.5,2.4,61.3,12.6,17.11,5.5
159,何魂,2014-04-04,5.1,14.8,2.5,3.7,51.8,12.7,22.41,2.9
159,何魂,2014-04-05,6.1,12.9,,3.5,58.1,12.7,14.76,5.5
159,何魂,2014-04-06,4.1,15.8,,3.7,41.9,12.7,24.48,.6
159,何魂,2014-04-07,7.8,18.6,,2.9,35.9,12.8,21.67,4.8
159,何魂,2014-04-08,11.5,21.5,,2.7,36.5,12.8,23.36,0
159,何魂,2014-04-09,10.5,19.3,,3,48.3,12.8,23.54,0
159,何魂,2014-04-10,10.3,20.3,,4,50.1,12.9,21.36,.4
159,何魂,2014-04-11,10.2,17.5,.1,2.4,56.8,12.9,11.36,7.1
159,何魂,2014-04-12,11.7,16.7,.5,2.3,53.3,13,8.8,9.4
159,何魂,2014-04-13,10.5,17.4,6,3,67.5,13,8.92,7
159,何魂,2014-04-14,10.4,19.4,,2.8,40.1,13,24.47,0
159,何魂,2014-04-15,11.2,22.3,,3.2,44.4,13.1,23.05,2.4
159,何魂,2014-04-16,15.7,23.9,,3.5,47.5,13.1,15.23,6.5
159,何魂,2014-04-17,11.7,21.1,31.5,3.6,70.1,13.1,11.61,6.5
159,何魂,2014-04-18,10.6,16.8,.5,3.4,82.4,13.2,7.83,6.9
159,何魂,2014-04-19,9.9,13.9,.2,4.4,71.5,13.2,7.21,7.1
159,何魂,2014-04-20,10.5,17.4,,3.3,70.3,13.2,19.15,5.9
159,何魂,2014-04-21,11.2,21.8,,2.3,65.8,13.3,22.65,5.5
159,何魂,2014-04-22,13.6,21.6,,2.2,50.9,13.3,19.1,5.4
159,何魂,2014-04-23,13.5,23.8,,2.7,47.6,13.3,23.58,.5
159,何魂,2014-04-24,13.3,22.9,,1.6,46.1,13.4,24.3,1.5
159,何魂,2014-04-25,13.5,23.3,,1.4,42.1,13.4,23.65,0
159,何魂,2014-04-26,14,22.7,,2.2,55.5,13.4,19.44,6.1
159,何魂,2014-04-27,14.8,21.4,1.5,2.1,73.9,13.5,14.38,9.1
159,何魂,2014-04-28,13.1,14.9,77.5,4.2,98.8,13.5,2.42,10
159,何魂,2014-04-29,14,18.5,24.5,3.1,94,13.5,13.33,9.9
159,何魂,2014-04-30,13.7,16.6,.5,2.2,90.9,13.5,6.59,9.9
159,何魂,2014-05-01,13.7,21.8,,3.6,78.6,13.6,23.4,3.5
159,何魂,2014-05-02,15.1,24.3,,4.1,74.4,13.6,25.06,1.8
159,何魂,2014-05-03,13.7,22.7,,4.2,45.1,13.7,26.76,2.3
159,何魂,2014-05-04,12.4,19.2,,3.9,59.1,13.7,16.01,7.6
159,何魂,2014-05-05,10.6,19.6,.4,3.5,46.3,13.7,26.6,2.8
159,何魂,2014-05-06,10.4,20,,4,41.6,13.8,27.62,1
159,何魂,2014-05-07,11.3,19.6,,5.3,61.5,13.8,27.59,.5
159,何魂,2014-05-08,14.8,22.4,15,5.3,70.9,13.8,14.81,4.5
159,何魂,2014-05-09,14.1,22.4,,2.9,60,13.8,25.16,0
159,何魂,2014-05-10,12.3,22.4,,3.1,49.5,13.9,27.04,.9
159,何魂,2014-05-11,13.8,22.3,2,2.8,72.1,13.9,21.35,6.6
159,何魂,2014-05-12,16.3,24.7,89,5.2,81.5,13.9,19.29,6
159,何魂,2014-05-13,15,26.5,,4.1,59.9,14,26.97,1.5
159,何魂,2014-05-14,15.2,18.8,1,2.5,78.1,14,5.03,9.3
159,何魂,2014-05-15,15.5,27.7,0,3.1,60.5,14,21.88,4.1
159,何魂,2014-05-16,17.2,23.8,,3.5,52.5,14,26.25,1.3
159,何魂,2014-05-17,17,23.3,,2.5,61.4,14.1,26.61,4.6
159,何魂,2014-05-18,16.3,23.8,,1.9,69.8,14.1,25.75,3.4
159,何魂,2014-05-19,15.7,24.9,,1.7,72.6,14.1,25.51,3
159,何魂,2014-05-20,16,20.6,7,1.9,86.4,14.1,4.04,8.8
159,何魂,2014-05-21,15.7,25.7,,2.5,73.8,14.2,25.03,.1
159,何魂,2014-05-22,16.2,24.9,,2.9,76.5,14.2,25.15,2.9
159,何魂,2014-05-23,15.8,20.3,,2.4,79.9,14.2,12.95,5.3
159,何魂,2014-05-24,15.9,24.4,,4.3,75.4,14.2,20.72,3.6
159,何魂,2014-05-25,17.3,22.8,25.5,5.4,92,14.2,14.86,9.4
159,何魂,2014-05-26,18.3,25.9,6,4.4,70.9,14.3,17.95,5.4
159,何魂,2014-05-27,18.6,27,,5.8,57.5,14.3,26.62,1.5
159,何魂,2014-05-28,17.8,22.6,0,4.7,90.3,14.3,16.06,4
159,何魂,2014-05-29,17.5,24.4,,3.6,83.5,14.3,25.35,1.3
159,何魂,2014-05-30,16.9,23.6,,3.6,75.6,14.3,26.83,0
159,何魂,2014-05-31,19.5,26.3,,3,63.1,14.4,26.57,.3
159,何魂,2014-06-01,19.7,25.9,,2.8,65.6,14.4,15.18,6.9
159,何魂,2014-06-02,17.6,23.6,6.5,2.4,77.8,14.4,5.67,10
159,何魂,2014-06-03,17.9,20.7,6.5,2.8,91.9,14.4,2.86,10
159,何魂,2014-06-04,18.1,26,3,3.5,81.1,14.4,12.85,9.8
159,何魂,2014-06-05,18.1,21.4,1,3.2,88.6,14.4,5.6,9.9
159,何魂,2014-06-06,17.8,24.2,,1.9,75.9,14.4,15.04,5.1
159,何魂,2014-06-07,16.5,23.6,,2.5,79,14.4,24.47,3.9
159,何魂,2014-06-08,17.5,22.3,,2.1,82.6,14.5,11.69,7.9
159,何魂,2014-06-09,18.8,22.7,,2.7,81.6,14.5,11.88,9
159,何魂,2014-06-10,19.1,23.8,,3,79.9,14.5,10.74,8.4
159,何魂,2014-06-11,18,25.3,,3.1,78.1,14.5,15.87,6.8
159,何魂,2014-06-12,17.7,22.3,22,2.2,86.4,14.5,9.01,9.3
159,何魂,2014-06-13,17.4,24.3,,3.3,84.9,14.5,23.85,4.6
159,何魂,2014-06-14,19.1,26.6,,3.4,77.5,14.5,24.56,4.6
159,何魂,2014-06-15,19.6,29,,3.5,69.5,14.5,25.17,3.4
159,何魂,2014-06-16,20.3,27.5,,3.8,67.6,14.5,21.14,7.4
159,何魂,2014-06-17,20.2,23.3,.5,2.1,85,14.5,6.75,8.9
159,何魂,2014-06-18,19.1,25.5,3.5,3,81.9,14.5,19.17,4.9
159,何魂,2014-06-19,18.1,26.4,,3,73.3,14.5,26.31,.8
159,何魂,2014-06-20,20.2,25.8,,2.9,80.9,14.5,17.19,8.8
159,何魂,2014-06-21,19.7,21.7,1,3.5,87.3,14.5,3.53,10
159,何魂,2014-06-22,18.8,22,,2.7,82,14.5,7.65,9.1
159,何魂,2014-06-23,18,23.8,.5,2.3,84.4,14.5,14.14,8.3
159,何魂,2014-06-24,19.4,25.9,,2.6,85.6,14.5,20.37,5.8
159,何魂,2014-06-25,20.1,25.6,,2.5,85.5,14.5,22.03,5.4
159,何魂,2014-06-26,20.4,26.7,,2.8,81.6,14.5,24.36,4.9
159,何魂,2014-06-27,20.5,26.7,,2.4,79.9,14.5,20.51,3.8
159,何魂,2014-06-28,21.3,29.9,,3.5,70.6,14.5,23.88,3.6
159,何魂,2014-06-29,21.3,27.6,,3.1,69.8,14.5,25.31,2.5
159,何魂,2014-06-30,20.7,26.9,,2.5,89.4,14.5,17.62,7.5
159,何魂,2014-07-01,20.5,27.1,,2.5,87.9,14.5,24.55,3.8
159,何魂,2014-07-02,20.9,25.8,14,2,86.8,14.5,11.59,9.4
159,何魂,2014-07-03,20.3,25.6,40.5,2.6,93.6,14.5,6.78,10
159,何魂,2014-07-04,21,26.1,.5,1.9,84.1,14.5,10.46,8
159,何魂,2014-07-05,20.3,26,,1.9,78,14.5,13.19,9.1
159,何魂,2014-07-06,19.3,23,5,2.4,92.3,14.5,3.97,9.9
159,何魂,2014-07-07,19.8,23.2,3.5,1.9,97,14.4,3.97,9.3
159,何魂,2014-07-08,21.8,27.9,9,1.3,97.1,14.4,5.82,9.1
159,何魂,2014-07-09,23.7,28.5,2,3.4,89.8,14.4,12.65,9.1
159,何魂,2014-07-10,24.3,31.8,0,2.6,84.8,14.4,14.72,6.9
159,何魂,2014-07-11,24.4,32.4,,3.2,59.8,14.4,22.59,5
159,何魂,2014-07-12,23,26.5,,3.3,79.1,14.4,11.28,8
159,何魂,2014-07-13,20.1,24.3,34.5,2.7,92,14.4,12,8.8
159,何魂,2014-07-14,22.3,28.4,,3.7,81,14.3,23.33,4.4
159,何魂,2014-07-15,22,26.6,8,3.1,91.3,14.3,11.73,9.1
159,何魂,2014-07-16,22,27.6,1.5,3.1,92.5,14.3,14.3,9.4
159,何魂,2014-07-17,21.6,25.3,17.5,3.4,94.6,14.3,8.18,9.9
159,何魂,2014-07-18,21.2,26.5,29,3.6,95.8,14.2,12.36,8.4
159,何魂,2014-07-19,22.5,30.2,4,3.3,85.1,14.2,21.59,7.3
159,何魂,2014-07-20,22.7,29.4,0,2.1,85.3,14.2,20.31,5.6
159,何魂,2014-07-21,22.6,28.2,,3.1,85.3,14.2,25.97,1.4
159,何魂,2014-07-22,23.3,28.7,,5.5,83.3,14.2,21.69,5.1
159,何魂,2014-07-23,24.3,30.3,,5.3,81.3,14.1,22.28,4.5
159,何魂,2014-07-24,25.5,31.4,,5,84.6,14.1,24.41,4.1
159,何魂,2014-07-25,25.5,29.7,,6,92.8,14.1,13.08,8
159,何魂,2014-07-26,24.1,29.8,.3,7.6,79.3,14.1,24.31,3.5
159,何魂,2014-07-27,21.7,28.7,,2.6,71.1,14.1,26.09,5
159,何魂,2014-07-28,20.9,27.2,,2.3,77.4,14,16.83,7.1
159,何魂,2014-07-29,22.8,29.7,,2.4,81.4,14,22.39,6.6
159,何魂,2014-07-30,24.5,32.2,,1.7,79,14,25,2.5
159,何魂,2014-07-31,26.4,32.9,0,2.3,79.1,13.9,26.34,4.5
159,何魂,2014-08-01,26.5,32.2,.4,3.4,76.5,13.9,13.04,9.3
159,何魂,2014-08-02,24.2,28.6,46,4.9,88.3,13.9,5.25,10
159,何魂,2014-08-03,24.2,26.3,68,5.9,94.3,13.9,5.64,9.8
159,何魂,2014-08-04,23.3,24.8,41,7.2,96.4,13.8,3.12,10
159,何魂,2014-08-05,23.3,29,3,4,92.1,13.8,14.74,7
159,何魂,2014-08-06,23.7,29.5,,3.6,87.4,13.8,22.16,4
159,何魂,2014-08-07,23.9,27.3,,2.6,87.4,13.8,8.31,9.3
159,何魂,2014-08-08,21.5,25.2,.5,4.1,85.6,13.7,6.54,10
159,何魂,2014-08-09,22.7,28,1.5,5,81.1,13.7,14.85,7.8
159,何魂,2014-08-10,20.8,27,23.5,2.9,88.5,13.7,7.22,9.8
159,何魂,2014-08-11,21.1,28.2,.5,2.7,85,13.6,20.52,6.4
159,何魂,2014-08-12,22.3,31.3,,2.9,73.1,13.6,24.46,1.5
159,何魂,2014-08-13,23.8,27.1,,1.5,72.6,13.6,8.08,8.5
159,何魂,2014-08-14,20.1,24.4,67,3.3,96.3,13.5,3.77,10
159,何魂,2014-08-15,21.3,25.4,30,2.2,93.9,13.5,6.45,9.3
159,何魂,2014-08-16,22.1,28.4,,2.3,80.8,13.5,15.81,5
159,何魂,2014-08-17,22,27.6,3.5,2.9,77.4,13.4,15.8,8.1
159,何魂,2014-08-18,20.6,24.7,129.5,4.2,98.4,13.4,1.58,10
159,何魂,2014-08-19,22.9,26.8,17,4.2,95.5,13.4,9.85,9.8
159,何魂,2014-08-20,22.9,24.4,70,3.1,99.6,13.3,3.62,10
159,何魂,2014-08-21,23,27,14.5,5.9,89.3,13.3,15.07,7.8
159,何魂,2014-08-22,21.4,28.3,,3.3,80.4,13.3,23.7,.9
159,何魂,2014-08-23,23.3,29.7,,3.4,77,13.2,19.64,6.5
159,何魂,2014-08-24,23.5,27,2.5,2.4,90.4,13.2,6.95,9.8
159,何魂,2014-08-25,22.2,25.8,115,3.2,99.1,13.2,.88,10
159,何魂,2014-08-26,22.1,27.6,2,2.7,90.3,13.1,15.27,8.6
159,何魂,2014-08-27,20.2,24.8,6,3,81,13.1,7.71,10
159,何魂,2014-08-28,20.4,24.3,.3,2.7,79.4,13.1,8.1,9.8
159,何魂,2014-08-29,20.4,26.4,.5,2.9,78,13,10.69,7.8
159,何魂,2014-08-30,19.5,26.6,,2.9,75.8,13,17.07,4.6
159,何魂,2014-08-31,19.4,26.1,,2.7,72.6,13,15.38,6.9
159,何魂,2014-09-01,19.9,27.5,,3,72.5,12.9,22.84,3.9
159,何魂,2014-09-02,20.5,25.5,.2,3,79.6,12.9,9.43,9
159,何魂,2014-09-03,21.7,25.9,61,4.8,97,12.9,3.31,10
159,何魂,2014-09-04,21.2,27.3,1,3.9,84.6,12.8,22.69,3.4
159,何魂,2014-09-05,21.3,30.6,,2.7,77.3,12.8,21.39,2.1
159,何魂,2014-09-06,20.1,24.3,.5,2.1,82.3,12.8,7.97,4.6
159,何魂,2014-09-07,19.3,27.8,,1.9,75.5,12.7,23.01,2
159,何魂,2014-09-08,21.5,27.9,,2.4,77.8,12.7,21.87,1.1
159,何魂,2014-09-09,22,29.7,,2.4,78,12.6,18.59,4.6
159,何魂,2014-09-10,22.6,27.9,,2.8,77.8,12.6,18.83,4.4
159,何魂,2014-09-11,21,27.2,,3.2,71,12.6,21.56,3.8
159,何魂,2014-09-12,20.5,25.3,,2.6,71,12.5,9.58,8
159,何魂,2014-09-13,19.8,26.7,,3.4,67.9,12.5,19.92,2.3
159,何魂,2014-09-14,19.2,26.4,,2.9,71.9,12.5,16.86,4.3
159,何魂,2014-09-15,20,27.5,,1.9,73.5,12.4,13.43,6.4
159,何魂,2014-09-16,21.2,28.4,,2.4,70.4,12.4,18.67,5.1
159,何魂,2014-09-17,19.9,24.3,.5,1.8,80.4,12.4,4.16,10
159,何魂,2014-09-18,19,23.3,1.5,2.9,71.5,12.3,8.72,8.9
159,何魂,2014-09-19,18.9,23,,2.5,64.6,12.3,6.62,7.5
159,何魂,2014-09-20,18.4,26.4,,2.8,60.6,12.2,20.61,1
159,何魂,2014-09-21,18.7,26.7,,2.7,63.9,12.2,20.53,2.3
159,何魂,2014-09-22,19.3,27.2,,3,65.6,12.2,21.19,1.3
159,何魂,2014-09-23,19.5,26.9,4,3,77.6,12.1,9.81,8.4
159,何魂,2014-09-24,18.6,24.1,60,3.6,98.3,12.1,1.31,10
159,何魂,2014-09-25,18.8,26.6,,2.3,76.3,12.1,14.14,5.9
159,何魂,2014-09-26,18.7,25.1,,3,68.6,12,16.32,3.8
159,何魂,2014-09-27,17.2,25.8,,1.9,70,12,18.45,1.9
159,何魂,2014-09-28,19.2,28,,2,72.9,12,17.73,1.5
159,何魂,2014-09-29,20.6,26.3,0,2.4,78.4,11.9,11.08,8.9
159,何魂,2014-09-30,17.9,24.2,0,3.2,78,11.9,6.25,8.4
159,何魂,2014-10-01,17.1,23.1,,2.9,73.8,11.9,10.61,5.4
159,何魂,2014-10-02,17.5,25.7,,2.9,72.8,11.8,14.11,5.4
159,何魂,2014-10-03,17.8,25.3,,2.7,62.8,11.8,19.12,.4
159,何魂,2014-10-04,16.8,23.3,,4.5,61.6,11.7,14.45,4.9
159,何魂,2014-10-05,15.6,23,,4.7,60.1,11.7,14.95,5.8
159,何魂,2014-10-06,15.2,23.7,,3.2,57.6,11.7,14.87,1.8
159,何魂,2014-10-07,14.8,23.4,,2.4,63.1,11.6,14.54,.9
159,何魂,2014-10-08,14.6,23.8,,1.9,65.3,11.6,18.02,.9
159,何魂,2014-10-09,16,25,,2.9,66.8,11.6,17.65,2.9
159,何魂,2014-10-10,15.9,25,,3,69.1,11.5,12.55,3.5
159,何魂,2014-10-11,18.1,23.7,,5,67.1,11.5,14.22,1.5
159,何魂,2014-10-12,17.9,21.8,3.5,4.1,80.4,11.5,4.1,9.1
159,何魂,2014-10-13,15.4,18.2,36.5,5.3,87.1,11.4,2.62,8.6
159,何魂,2014-10-14,12.4,20.8,,3,60.8,11.4,14.51,3.8
159,何魂,2014-10-15,12.1,21.7,,2.3,63.6,11.4,15.54,2.6
159,何魂,2014-10-16,12.6,21.2,,3.4,53.6,11.3,14.55,1.9
159,何魂,2014-10-17,10.9,20.8,,2.3,40,11.3,17.44,.6
159,何魂,2014-10-18,12.8,22.6,,1.6,48.3,11.2,17.12,0
159,何魂,2014-10-19,13.1,23.6,,1.1,62.8,11.2,16.62,4.3
159,何魂,2014-10-20,18.4,21.5,39.5,3.9,92.6,11.2,2.87,10
159,何魂,2014-10-21,15.4,22,30.5,3.2,93.1,11.1,2.65,10
159,何魂,2014-10-22,13.4,15.8,32.5,4.2,85.1,11.1,3.46,9.1
159,何魂,2014-10-23,12.7,20.3,,2.3,65.6,11.1,13.52,3.5
159,何魂,2014-10-24,12.7,22.1,,3,68.6,11,15.77,.4
159,何魂,2014-10-25,13.9,23.9,,2.8,69.5,11,15.75,0
159,何魂,2014-10-26,14.9,24.1,,3.1,64.6,11,16.08,0
159,何魂,2014-10-27,14,21.3,,2.7,67.1,10.9,12.01,1.8
159,何魂,2014-10-28,11.9,21.3,,1.3,64.8,10.9,15.29,.3
159,何魂,2014-10-29,12.6,21.1,,1.1,69.3,10.9,10.97,5.3
159,何魂,2014-10-30,13.1,20.5,,1.6,70.8,10.8,10.89,6
159,何魂,2014-10-31,14.1,16.8,20,2.2,87.9,10.8,1.66,10
159,何魂,2014-11-01,15.7,20.9,4,2,91.1,10.8,6.65,7.9
159,何魂,2014-11-02,10.3,18.4,,4.1,66.6,10.7,8.83,3.9
159,何魂,2014-11-03,7.1,15.1,,2.5,41.8,10.7,15.37,0
159,何魂,2014-11-04,8.5,17.6,,2,56.5,10.7,14.82,.3
159,何魂,2014-11-05,9.9,20.6,,1.7,65.3,10.6,14.27,1.9
159,何魂,2014-11-06,12.3,21.6,,1.7,57.5,10.6,12.11,4.1
159,何魂,2014-11-07,12.3,21,,2.9,69.5,10.6,9.97,4
159,何魂,2014-11-08,13,19,1,2,75.5,10.6,4.63,10
159,何魂,2014-11-09,11.6,20.7,.5,2.4,58.9,10.5,12.63,2.5
159,何魂,2014-11-10,9.9,19.9,,1.7,57.5,10.5,11.94,1.9
159,何魂,2014-11-11,10.2,19.6,,1.8,60,10.5,9.91,3.5
159,何魂,2014-11-12,7.4,16.5,,5.6,51.5,10.4,9.14,3.9
159,何魂,2014-11-13,2.6,10.3,,4,42.6,10.4,13.56,.3
159,何魂,2014-11-14,1.8,12.5,,2.5,50.8,10.4,11.07,.9
159,何魂,2014-11-15,5.2,14.2,,2.3,43.8,10.4,12.75,3.8
159,何魂,2014-11-16,9.1,16.2,,2.4,42.8,10.3,8.35,5.4
159,何魂,2014-11-17,7.9,15.1,,2.7,49.9,10.3,11.02,1.6
159,何魂,2014-11-18,6,14.2,,3.8,40.3,10.3,13.4,0
159,何魂,2014-11-19,5,15.7,,2.2,37.6,10.2,11.94,3.1
159,何魂,2014-11-20,6.7,17.3,,2.2,38.6,10.2,12.46,1.5
159,何魂,2014-11-21,8.7,17.6,,2.2,64.9,10.2,8.93,3.6
159,何魂,2014-11-22,9.6,20.1,,1.4,62.6,10.2,11.55,2
159,何魂,2014-11-23,10.7,18.5,,1.8,65.9,10.1,7.92,6.3
159,何魂,2014-11-24,11,16.8,26,2.6,84.8,10.1,2.23,10
159,何魂,2014-11-25,10.8,15.1,2.5,3.8,77.8,10.1,4.85,8.9
159,何魂,2014-11-26,10.4,17.3,,2.5,65.9,10.1,6.88,4.6
159,何魂,2014-11-27,8.9,18.8,,1.1,67.8,10.1,10.82,1.3
159,何魂,2014-11-28,10.4,16,2,2.4,85.4,10,1.46,6.5
159,何魂,2014-11-29,10.7,19.3,,2.7,70,10,11.39,2
159,何魂,2014-11-30,11.6,15.2,4.5,2.2,87.9,10,2.19,9.1
159,何魂,2014-12-01,.6,12.8,,6.1,51.4,10,8.14,2.9
159,何魂,2014-12-02,-1.7,4.9,,4.4,39.8,10,11.84,0
159,何魂,2014-12-03,-.6,8.1,,5.7,53.6,10,9.16,5.4
159,何魂,2014-12-04,.5,8.1,0,3.3,63.1,9.9,5.76,6.1
159,何魂,2014-12-05,-2.4,3.6,,3.7,52.9,9.9,11.5,1.1
159,何魂,2014-12-06,-2.9,5.2,,3.7,46.6,9.9,11.53,0
159,何魂,2014-12-07,-1.5,5.3,,2.4,45.4,9.9,7.79,4.4
159,何魂,2014-12-08,.8,7.5,1.5,2.8,61,9.9,9.45,3.6
159,何魂,2014-12-09,-1,10.8,,3,46,9.9,11.49,2.3
159,何魂,2014-12-10,6.1,15.2,.1,1.9,69.4,9.9,7.44,6.8
159,何魂,2014-12-11,2.3,11.1,,3.7,50.1,9.8,8.54,7.6
159,何魂,2014-12-12,.1,6.1,,3.7,46.1,9.8,8.72,5.4
159,何魂,2014-12-13,-1.2,4.7,0,3.1,51,9.8,9.68,1.8
159,何魂,2014-12-14,-3.1,5.8,,2.4,43.3,9.8,11.24,0
159,何魂,2014-12-15,.8,10.1,.2,1.9,53.8,9.8,7.5,8
159,何魂,2014-12-16,-2.7,8.5,11.5,5.2,60.6,9.8,8.1,6.5
159,何魂,2014-12-17,-6,1.2,,4.3,43.3,9.8,11.51,.1
159,何魂,2014-12-18,-5.9,5.3,,2.9,28.6,9.8,11.8,0
159,何魂,2014-12-19,-1.7,9,4,1.8,57.1,9.8,8.62,6.6
159,何魂,2014-12-20,.1,10,4,2.3,63.9,9.8,9.14,3.3
159,何魂,2014-12-21,-2.3,4,,2.9,49.3,9.8,9.28,2.8
159,何魂,2014-12-22,-3.9,5.6,,4,53.8,9.8,10.44,1
159,何魂,2014-12-23,.3,9.7,,3.4,45.5,9.8,10.52,3
159,何魂,2014-12-24,3.6,13.3,,3.2,52.8,9.8,10.14,2.9
159,何魂,2014-12-25,-.8,7.2,,2.3,39,9.8,8.49,2
159,何魂,2014-12-26,-2.1,7.9,,3.1,34.4,9.8,10.95,.3
159,何魂,2014-12-27,.8,12,,1.2,52.1,9.8,9.62,1.5
159,何魂,2014-12-28,2.9,8.5,,3.7,46.3,9.8,7.32,5.3
159,何魂,2014-12-29,1.7,10.8,,2.6,57.4,9.8,9.72,1.3
159,何魂,2014-12-30,4.6,13.2,,3.9,48.4,9.8,9.79,0
159,何魂,2014-12-31,.2,9.2,0,4.1,45.3,9.8,7.33,2
